Date,arima,prophet,lstm,xgboost,ensemble,ci_lower,ci_upper
2026-09-30,227.61063650949856,227.46684677409255,227.75462105616552,227.5548894975891,227.55161113429335,227.3466452289194,227.7565770396673
2026-10-01,227.817871944719,227.58061661279706,228.30130976652134,227.83335672457738,227.78123249567085,227.2690715581198,228.2933934332219
2026-10-02,228.04367797213482,227.53107332880109,228.85519692613764,228.1093870339849,227.92184843500723,226.99606910974484,228.84762776026963
2026-10-05,228.26796611609814,227.20550911876347,229.41220534153896,228.38575176646725,227.9066480326071,226.37520717150886,229.43808889370536
2026-10-06,228.49263987321908,227.44030861195242,229.9717636535477,228.69555056179098,228.21299878006755,226.449747698224,229.9762498619111
2026-10-07,228.7175191315464,227.69238417967554,230.53404632175523,229.01358423854737,228.53061289668386,226.5359610474251,230.52526474594262
2026-10-08,228.94262119424633,227.83144375655306,231.0991666206592,229.3320601863462,228.78487681971893,226.4818979972542,231.08785564218365
2026-10-09,229.16794466035074,227.8428723479458,231.66611237041423,229.68537357534603,228.9711368423034,226.27837874794915,231.66389493665764
2026-10-12,229.3934899012765,228.2450878692721,232.2340578866912,230.03923128575798,229.37894932240445,226.53219135639205,232.22570728841686
2026-10-13,229.61925712074745,228.435178649108,232.80380022957084,230.3936341561741,229.66710033202864,226.53445865244237,232.7997420116149
2026-10-14,229.84524653861124,228.97953521183726,233.37527069575015,230.7018737317647,230.15107909658173,226.92375561040794,233.3784025827555
2026-10-15,230.07145837342276,229.45849552156815,233.94672512961904,231.0263652369246,230.59986068808263,227.2250380102019,233.97468336596336
2026-10-16,230.29789284409586,229.85439996171507,234.51926079131064,231.35131315249512,231.00190854877732,227.4291433288072,234.57467376874743
2026-10-19,230.5245501697457,231.35158502231218,235.0951054219158,231.71165760021802,232.03212662467996,228.6170515112308,235.4472017381291
2026-10-20,230.7514305697042,232.35340271698135,235.68612886651002,232.03889665437063,232.78122657338076,229.21116675845846,236.35128638830307
2026-10-21,230.97853426351963,233.44073678397527,236.2899207213226,232.3518405817708,233.5797203077991,229.75359971826683,237.4058408973314
2026-10-22,231.20586147095585,234.47047446541404,236.90169051035815,232.66520656729617,234.3472610954134,230.1794530622078,238.51506912861896
2026-10-23,231.43341241199295,235.4150304898043,237.515378393543,232.99379228853195,235.06867151816738,230.524678380868,239.61266465546674
2026-10-26,231.6611873068281,238.47177122562562,238.13475614730757,233.32284206100164,236.98722283144082,231.17226643600364,242.802179226878
2026-10-27,231.88918637587466,239.94857177998085,238.75563495011963,233.73861128799336,238.02116573047618,231.43473060251497,244.6076008584374
2026-10-28,232.11740983976307,241.47098142062586,239.37845541485103,234.14025058599333,239.07977576806223,231.6508030730608,246.50874846306365
2026-10-29,232.3458579193407,242.88362531252466,240.00311778138266,234.55747639266482,240.07836152205533,231.8521018302423,248.30462121386836
2026-10-30,232.57453083567287,244.15112692873973,240.6297000377047,234.97544567412683,240.9952585140644,232.05048485030704,249.94003217782176
2026-11-02,232.80342881004196,247.7973848219309,241.25802906848477,235.39415975521294,243.25947938110278,231.93635439323836,254.5826043689672
2026-11-03,233.03255206394806,249.35099414209546,241.8886209959969,235.8136199631175,244.33938992931883,232.05700456120456,256.6217752974331
2026-11-04,233.26190081910985,250.88237846986084,242.52151050615532,236.2338276273999,245.407283741649,232.176620769882,258.637946713416
2026-11-05,233.49147529746364,252.23156324311324,243.15616763995007,236.65478407998873,246.37247720532062,232.32501777288226,260.419936637759
2026-11-06,233.7212757211644,253.3648967756242,243.79245036535988,237.07649065518598,247.2158885081176,232.510941213242,261.92083580299317
2026-11-09,233.95130231258548,256.2615078560752,244.430184848597,237.4989486896713,249.0580781664532,232.36788469977242,265.748271633134
2026-11-10,234.18155529431974,257.48377290252154,245.06820154225446,237.92215952250623,249.952410628668,232.53586687682224,267.36895438051374
